content,time,gender,user_level,score
不错哦，还可以,15708564000,0,1,10
复联终结篇，全程不敢上厕所，怕错过一帧画面，结局虽不是我喜欢的，但有时候遗憾也是一种美。,15708559200,1,1,10
好看是好看，时间太长啦，坐的我腰酸背疼，应该买躺椅的，可惜躺椅厅去的时候没有场次，😭 ,15708547800,0,3,8
不错，很震撼,15708544800,2,1,10
很nice 啊,15708537600,0,2,8
无话可说，棒极了。。。。。。。。。,15708534600,1,1,10
电影很不错，情节紧凑,15708517800,2,2,10
感觉不错，期待下一部,15708509400,2,2,8
最后托尼死了，有点伤心，爱你三千遍,15708503400,0,1,10
这个的特效倒是有点，还是没以前的震撼,15708492600,1,2,10
跟之前比没有那个感觉,15708492000,2,1,7
不如国产片好看,15708489000,1,1,5
4个小时的电影看的很爽，但是没有一个特别好的剧情,15708486000,1,2,7
还不错的电影，就是打戏太少了，没有那么激情，漫威的电影还是要支持一下的。,15708485400,0,2,8
理想的结局，激烈的对战，圆满的收官,15708484800,1,3,9
还是很不错的，,15708480600,2,2,8
超级搞笑呀，非常喜欢,15708465000,0,2,10
需要看很多遍，永远的经典,15708459600,2,3,10
好看             美，？？？,15708458400,1,2,10
影片很好看，好评。,15708457200,0,1,10
看的首映  三个小时  简直是太好看了,15708436200,1,2,10
特效做得非常的好,15708355800,0,2,10
无所谓，也就那样,15708226200,1,2,10
好看是好看，就是好看的地方太少,15708139200,0,2,10
真的到最后都没遗憾了吗？,15708129600,1,4,9
这算是漫威电影的一个终结吧，特效强大，当队长拿起雷神之锤的时候激动的要死，不过黑寡妇死了算是一个遗憾吧！,15708119400,1,3,9
Nice ！,15708109800,0,3,10
挺不错的。。,15708109800,1,2,8
.............,15708058200,0,1,8
电影很不错！,15708043200,2,2,8
好看极了，给力,15708029400,0,2,10
im.......,15708021600,0,3,9
It’s ok， let me go...泪崩,15708021000,2,3,10
非常好看。。,15708000000,1,2,10
完美希望可以看到续作,15707997600,1,3,10
精彩之作，算是追完了吗。,15707997600,2,3,10
还可以的不错,15707984400,2,2,10
哦哦好像没什么了，,15707977200,0,1,10
当知道灭霸为了让无限宝石被销毁，差点弄死了自己的时候，当看到归隐田园的灭霸穿着粗陋的布衣而不是辉煌的战甲，在田地里捡农作物的时候，居然对他的死有很大的同情，毕竟这也是一个为了宏大而不是自私自利的目标而牺牲了一切的殉道者，哪怕道路是错误的，但也称得上枭雄。,15707970000,0,2,10
好看，建议去看,15707967000,0,2,9
真的很不错，跟前面连贯性很大，不建议没看过的为了凑热闹看，因为你们真的会看不懂，虽然剧情跟二比还是差了点，但比三要好了，最后要说一句我永远爱唐尼和寡姐,15707963400,2,1,10
电影非常好看,15707960400,1,2,10
不错不错。。。,15707953800,1,2,8
震撼。燃爆了。,15707953800,0,2,10
给弟弟买的，他看的挺高兴的,15707953800,2,1,10
美剧都没错过,15707946000,0,2,10
好看的不得了,15707942400,0,2,10
漫威宇宙 会再回来的,15707939400,2,2,10
老公看的我不知道啊啊啊啊,15707933400,0,2,10
漫威的电影看的很过瘾，至于内容么，超级英雄当然是拯救世界！,15707927400,1,2,7
没那么好了，越来越差,15707925000,1,2,6
很好!!!!,15707910000,1,1,10
还可以的，场面比较壮观,15707896200,1,2,7
不亏不亏不亏…爱你三千遍,15707886000,0,3,10
一般般。😐,15707874600,2,2,10
喜欢！超级好看,15707871000,0,2,10
挺好看的，喜欢,15707864400,2,2,8
终章，完美收官，很让人感动！,15707861400,0,3,10
你叫李俊伟大的安妮日记,15707860200,0,2,9
好看！还不错！,15707857800,0,3,10
这个阶段结束了，铁人和队长，核心人物走向完结，尽管未来更多新角色，而我却没有那么多好奇心再去认识他们了。只有完美谢幕时的惊艳四座，才会让人回忆悠长。,15707847000,0,1,9
好好好，非常好。,15707816400,0,2,10
刚才接到一个河南打过来的电话，只听到一句“中嘞”然后就被挂断了，我寻思着这人是不是有问题想打回去问一问咋回事，一打开拨号键就发现#键不在了,15707809200,2,2,9
满分，不解释。,15707808600,1,2,10
服务到位，十分满意,15707802000,2,3,10
剧情扣人心弦,15707798400,0,2,9
漫威电影是真的质量都不错👍妮妮和黑寡妇没了好难过，还是赚到了我的眼泪,15707796600,0,2,9
就那样，还行吧,15707794200,0,2,6
一直在看漫威电影，很喜欢，不是首场看的，虽然很多都爆了结尾，可自己看还是不一样的，等待下一部,15707781600,2,2,10
这个分要是给少了，我会被打的，漫威教团，惹不起惹不起,15707774400,1,3,10
还是哭死我算了,15707750400,2,2,9
还可以，剧情不错,15707741400,2,3,9
还好啦，不错⊙∀⊙,15707734200,1,4,9
场面火爆，男主帅帅的，故事还行,15707724600,2,2,8
终于完结了  ！,15707713200,0,3,10
超级棒 活过来好嘛,15707712600,0,2,10
不错。完美的一天。,15707702400,1,2,10
好。。。。。,15707690400,1,2,10
哈哈哈呵呵呵,15707680800,0,1,10
好看好看好看,15707666400,1,4,10
挺好看的。好好好,15707664600,0,1,9
超好看的，漫威复仇者大概是漫威的经典了,15707663400,0,1,10
| ू•ૅω•́)ᵎᵎᵎ挺好看的,15707662800,0,2,9
一般，没有想象中那么好看。。。。,15707649600,0,3,7
好看！好看！好看！,15707644200,0,3,8
超级好看，全程很激动，提着心,15707639400,2,4,10
特效超棒，很震撼，值的一看。,15707637000,0,2,8
我觉得还不错,15707625000,2,5,10
很久很久之前看的。蛮精彩的。,15707616600,2,2,9
还好 喜欢看漫威,15707610600,1,2,8
不错，就是结局太无语,15707608200,0,3,10
好看，没说的,15707607600,1,2,10
总体还可以了,15707599800,1,2,8
这这这个真的好,15707593800,1,3,10
为什么要文字才能评论,15707589600,1,4,10
非常好看，真的很震撼！,15707589600,2,2,9
好看非常不错,15707579400,0,2,10
爱你三千年。,15707571600,0,2,10
不错不错的电影,15707565600,0,2,10
很热闹，很有情怀，挺好看,15707559600,2,2,8
我的青春结束了,15707351400,0,2,9
Perfect.,15707329800,2,3,10
挺不错的，好看,15707239200,0,2,10
剧情依旧正义，正义即颜值画面感也很有感觉，气氛铺垫也是不错的,15707233200,0,2,9
挺好看的，，,15707225400,1,2,10
还是可以，商业片,15707220000,0,2,8
这部电影就看的很有激情，很刺激，让我非常的兴奋，热血沸腾。,15707209800,0,2,10
很好看，超刺激,15707206800,0,1,10
一般般般般吧,15707192400,1,2,5
一般情况吧！,15707190600,2,2,5
Goodbye 托尼！凡人之躯，比肩神明。,15707177400,1,3,10
期待下个宇宙的开启,15707162400,1,4,10
看的好惊心！,15707161800,0,2,10
剧情拖拉，还行,15707134800,1,2,7
喜欢，看了这么多年的系列终于告一段落了，熟悉的角色和演员也都纷纷离开了，感觉自己也老了,15707133600,2,2,10
很遗憾复联就这么结束了。,15707107800,0,2,10
很好，最喜欢的特效，很不错的一部剧,15707091000,0,2,10
Goodbye，Ironman,15707084400,0,2,10
很好看，挺不错的电影,15707068200,0,3,9
好看啊！！！！！！,15707064600,0,3,10
很棒的一部电影,15707052600,0,2,10
真的非常好看,15707046600,1,3,9
还可以╮(￣▽￣)╭,15707045400,1,3,10
凌晨时分，去看的。,15707045400,0,2,8
好，很好，非常好,15707029800,2,2,10
很好看，看的比较激动,15707023200,2,1,10
贴心小棉袄袄裙子吗你好像傻丫头的吗,15707014200,0,1,10
唯一的这部是在电影院刷了两遍的电影，漫威电影宇宙“无限传奇”的终局之作，剧情比较偏向粉丝，玩了之前的漫威电影彩蛋的梗，爱你三千遍！,15707011800,1,3,10
已下单小哥很帅,15707007600,0,2,10
给妹他们买的票，他们说好看,15707006400,0,1,10
还可以 就那样,15706996800,1,3,8
非常厉害很厉害超级厉害,15706980000,1,2,10
不错，不错，味道好极啦。电影不错,15706975800,1,2,10
情节一般，场景很精彩,15706971000,1,2,10
挺好的，不错,15706963800,2,3,10
终局之间，从复联二开始，没想也跌跌撞撞，跟到了复联四！,15706941600,1,3,7
牛逼啊啊啊啊,15706939200,2,1,10
I'm Iron man,15706935600,0,1,10
超爱漫威，第三阶段应该算是结束了😢😢,15706927800,0,2,10
没觉得哪特别，累,15706924200,1,2,8
电影的效果不错。,15706923000,1,1,10
真的很一般，不知道为什么那么多人觉得这部不错……我也是漫威DC老粉了，但这部所谓的“最终篇”却真的浇灭了我的热情。作为漫威电影宇宙第一阶段最重要的一部电影，复联四真的没那么“炸”，可怜的灭霸老贼上一部还是复杂矛盾的血肉反派，这部直接成了众英雄集结的背景板。终局之战场面看似宏大却毫无看点，节奏混乱，剪辑不畅，本来牛逼哄哄的反派成了纸糊的，一个镜头就被打败，女权出击，愣是生塞进去一个女英雄大合照……想象中的热血奋战没有，英雄们摧拉枯朽的战斗实在不过瘾！钢铁侠的死像刻意而为，没有打动我，倒是那句爱你三千遍惹人眼泪。,15706903800,1,4,6
很好看，很刺激，很感人,15706901400,0,3,10
结局不死人就好了,15706878000,1,2,10
还不错，挺好的,15706858200,0,2,9
值得一看的电影。,15706852200,1,2,8
很棒，值得推荐的一部片子,15706830000,0,3,10
可以。蛮好看的。。。。。。。。。,15706828200,1,3,8
非常棒非常精彩！,15706809000,1,1,9
很好看，特别刺激,15706808400,0,2,10
强迫症，只想把消息点掉,15706806600,0,2,10
表示前半段睡完的，真的没看过这个风格的慎重😂,15706804800,2,2,5
i am Iron man!😭😭😭,15706797600,1,1,10
很好啊，很开心,15706791000,0,2,10
跟说好的不一样,15706784400,0,2,2
棒棒哒！！！,15706780800,0,1,9
没看过前面几部，,15706777800,1,2,10
很好看呀，去看吧,15706777200,2,2,10
爱你三千遍。,15706776600,0,2,10
经典之作，一去不复返,15706768200,1,2,10
好好好的好的,15706761000,0,2,10
看了两遍 无语多说,15706755000,0,2,10
冲着卡神的大名来的，电影特效很棒，但是剧情交代的不够清楚。,15706749000,1,2,9
完美，经典，超燃,15706749000,1,3,10
钢铁侠死的真可惜。我想弄死星爵,15706729800,0,2,10
漫威电影一流的棒，别的不用多说。,15706729800,1,2,10
喜欢，跟弟弟一起来看的，铁人走的时候哭的好难受，就这么再见了,15706709400,0,4,10
可以啦啦啦啦啦,15706705200,0,1,10
看起来还不错,15706693800,1,1,10
悲剧了，看了十分钟直接睡到结婚，小妹说我直接打呼噜了，真丢人，本来还想再去看一遍的，后来就想手机能看了手机看吧，真的好看，只不过看到英雄们也老几，以后也可能没有这种电影了，心里还是挺难过的,15706500000,0,2,10
强大的特效啊,15706435200,0,4,10
特效很强大，环境很好。,15706416600,0,2,10
作为一个漫威迷，真的受不了钢铁侠死了，钢铁侠死了的那段真的哭死了,15706399800,2,3,9
很好看的电影,15706391400,0,1,10
★★★★★好多星星送我的英雄们，故事穿插的特别好，看过的21部电影都有涉及，特别过瘾，漫威万岁,15706375800,2,2,10
我给十分真的,15706326000,1,2,10
还行吧。。。。,15706311000,1,2,7
好看，必须支持。终局之战！期待已久！,15706294800,1,2,10
漫威，不解释！,15706287000,0,3,10
回家姐姐健康快乐,15706275000,1,3,10
老复仇者已去，我也40了，从此不再进影院看妇联,15706273800,1,2,10
渣男之作，原先答应的情节全部都没有,15706233000,0,3,10
喜欢女主角。,15706230600,0,2,10
产品很好！继续关注，有需要还会购买，好评！希望做的更好，多点促销活动。,15706190400,1,2,10
一个时代的结束,15706189800,1,3,10
不错很好看，值得一看,15706189200,1,3,10
很好  很刺激,15706188600,0,2,10
看的很不错电影,15706179600,0,1,10
复联4，二刷的，超稀饭，感动,15706178400,0,3,10
挺好看一直是漫威迷,15706176000,0,2,10
辣鸡里面好了,15706173000,1,2,9
很好看 可惜结局悲哀,15706171200,1,2,10
期待已久的电影终于上线了，真是太精彩了，感觉灭霸挺悲催的，复仇者满血战斗满屏的精彩。期待下一部早日上线！,15706167600,1,2,10
无聊无聊无聊,15706167600,0,2,1
不错不错不错！,15706160400,1,2,10
比较好比较好,15706146000,0,2,8
Love you three  thousand times,15706143000,0,2,10
有点失望。。。。。，,15706131000,0,2,8
一般一般般吧,15706130400,2,3,5
完美完美完美,15706122600,1,1,10
还行，不太喜欢都去看了,15706098000,2,1,9
哈哈哈还好还好,15706093800,1,3,10
是朋友看了，为了有共同话题，自己一连看了全部。发现自己也挺喜欢。喜欢钢铁侠和黑寡妇。太帅了,15706092000,0,2,7
满满的回忆。,15706087800,2,2,9
3个多小时，回忆十年，身边还是同一个人,15706077000,1,4,10
现在才评论，复仇者联盟嘛，还是很好看的,15706070400,1,2,10
牛逼，看哭了，第一次在电影院哭，而且是在女朋友怀里哭。,15706069200,0,3,10
奔着首映去的 特别失望 3果然是无法逾越的巅峰,15706054800,1,1,6
不错。当天去看的,15706032600,0,1,10
真好看，不错啊,15705996000,0,2,10
炒鸡大片 看着就是过瘾。特效好,15705996000,0,2,0
可以吗小姐姐是什么样子吗？,15705984600,0,2,10
好看，真的非常好看,15705979200,1,2,9
我太难过了，唐尼！！！！,15705970200,2,4,10
情节很感人。,15705963000,0,2,10
可以  毕竟以后也没复联了,15705961200,1,2,10
还不错，场面震撼，有点感人,15705957000,1,2,10
很不错，情节好。,15705956400,0,1,9
八分给钢铁侠，不是五颗星是因为漫威把钢铁侠写死了，以后漫威的电影不浪费电影票了，感兴趣的人没了，就酱紫,15705944400,2,2,8
好看是好看，不该牺牲的人牺牲了,15705940800,1,3,9
好看都落泪了,15705933600,0,2,10
可以看看还不错的,15705931800,2,2,10
不错不错不错,15705930000,0,1,10
为一个结局硬是东拼西凑，也难为编剧了。漫威的电影审美疲劳了！,15705927000,1,3,7
一场盛宴，以后也许热度不再，但不枉我喜欢漫威十年，看到自己喜欢的东西火爆，很开心,15705926400,0,3,9
有些震撼还不错,15705924000,0,3,8
绝对的震撼，每部都不会落下,15705913200,1,2,10
复联的终章，意义就不说了，但是强行结局几个英雄的方法我也是醉了，托尼就不说了，让美队强行老是什么操作，服了。而且索尔变胖了，MVP变成了猪队友，但是浩克的转变让我爱了，还有郎爹也很棒棒哦！,15705912600,1,2,8
电影可以。。,15705909000,0,2,8
十年而十年，始于钢铁侠，终于钢铁侠,15705904800,0,3,9
刺激，一部比一部好吧,15705862800,1,2,8
电影不错……电影院不行,15705853200,1,3,10
和小慧慧一起,15705823800,2,3,10
追了整个系列,15705531000,2,2,9
英雄们都回来了，而钢铁侠却走了，爱你三千遍。此生无悔入漫威！,15705520800,2,3,10
结局有些悲伤,15705496200,1,2,10
好看，不错的,15705493800,2,1,8
奈斯奈斯奈斯,15705452400,0,2,10
非常好看，场面宏达,15705450600,1,1,10
挺好看的。。,15705424200,1,2,9
可以很好看很好看,15705420600,0,2,9
好看的很哦。,15705415800,2,2,10
没有前几部好，又烂又长,15705402600,2,2,4
很好看很喜欢,15705402000,0,2,10
好看！喜欢！抖森呀！,15705397200,2,2,9
哭的稀里哗啦,15705388800,0,1,10
不错很好，666666,15705381000,0,1,9
很棒的一部电影！,15705368400,0,3,10
十年漫威英雄，一个不错的结尾,15705357000,1,1,8
我嚎啕大哭啥都好就是雷神粉兼冬兵粉有点意难平,15705355200,2,4,9
很有情怀，值得回味,15705334800,1,3,8
徒手劈highhighhigh,15705314400,1,4,9
很好很好看吧,15705309000,1,3,8
复联NB!奥利给！冲鸭！,15705307800,0,3,10
太好看了！漫威女孩表示全程无尿点！,15705297600,2,2,10
泪了泪了，太感动了,15705294000,0,2,10
儿子的所有偶像都在里面🤗🤗🤗,15705289800,1,3,10
不错！特效爆裂！,15705289200,1,2,10
好看的电影哦,15705282000,0,2,10
还可以，还不错,15705280200,0,3,9
等来等去感觉有点小小的失望,15705267600,1,2,10
很不错，非常好看,15705261000,0,3,10
还行吧，还行吧,15705247800,0,2,7
没看够，还想看,15705247200,2,2,10
好看！无脑夸,15705228000,2,3,10
没啥好说的，，好看,15705211800,1,2,10
不错的电影，值得观看！,15705202200,1,1,10
还可以，总体来说还算比较完美的,15705172800,2,3,8
十年布局，还是挺满意的,15705146400,1,1,10
看了没印象，没感触,15705132000,1,1,4
不错的一部电影,15705126600,1,1,8
很好，剧情安排很不错，特效极好,15705111000,0,2,8
还好吧 挺好的,15705106800,0,2,10
好看好看好看,15705094800,0,2,10
超级好看，每次漫威新电影我们都去看四d的，超震感,15705091200,2,3,9
Whataya Want from Me,15705084600,0,2,9
非常好看，n刷,15705072000,0,2,10
好看，惊险，刺激,15705066600,0,2,8
超级无敌好看,15705050400,0,2,10
除了有点长，很好看,15705043200,2,3,9
一般化，没有太大新意,15705040200,1,3,6
还可以 一般般,15705037800,0,3,6
好看好看好看,15705034200,0,2,10
还可以吧 比上一部好一些，一直追剧追着走的,15705010800,2,3,9
相当震撼，好片子,15704958600,1,2,10
好看好看刺激,15704941200,0,2,10
棒极了，还不错,15704919600,1,2,9
大片就是大片，不是看情节的,15704727000,1,3,8
好看(｡･ω･｡)ﾉ♡,15704681400,1,2,10
很好，看着很不错,15704643600,0,2,10
还好还好，陪孩子看,15704641800,0,3,8
蛮好。。。。,15704640000,1,2,10
没有好看的电影怎么会有好的票房收益 。没有好看的电影怎么会有好的票房收益 。没有好看的电影怎么会有好的票房收益 。,15704632200,0,1,9
很好看很好看,15704614800,0,1,10
真的是超级好看。,15704614200,1,2,10
酷´_>`酷,15704582400,0,2,10
打个响指！！！,15704581800,0,2,9
没有辜负期待，值得一看,15704581800,1,2,9
很好看，很优秀,15704550000,1,2,10
好看 不给满分的原因是我最喜欢的英雄牺牲了 唉,15704550000,2,2,8
很不错太🉑了,15704550000,2,2,10
十年布局，终局之战,15704547000,0,2,10
真田广之的出现是不是暗示狼叔他们离我们不远了！狼叔加入复仇者来个逆转未来救活唐尼！,15704537400,0,4,8
10年的时间，终于迎来的终章,15704523000,0,1,10
期待复联的下个作品,15704513400,2,2,10
真的好看！太棒啦,15704499600,0,2,10
好看好看好看,15704487600,0,2,8
很好看一直追,15704486400,2,3,10
啊啊啊啊啊啊啊，终于等到了，啊啊啊啊啊啊啊快等死我了,15704484600,1,2,10
只可惜我的钢铁侠，太难了,15704476200,0,0,10
看首映的第一部电影,15704466000,0,2,10
还不错！值得一看！,15704458200,1,2,10
还不错，好看,15704451000,0,2,8
好看好看好看,15704442000,0,3,10
赞。赞。赞。赞,15704423400,1,2,10
习惯性好评，距离看它已经很久了，对于这部电影我没啥印象，因为我进去就睡了，没看，微笑。别问我为啥睡了，不想说，我太难了。,15704418600,1,2,10
还是值得看的,15704416800,0,1,10
好看，就是时间有点长,15704415000,1,1,9
终于迎来大结局，不错,15704411400,2,2,10
一切都结束了,15704384400,0,3,10
凑够六个字吧,15704381400,1,2,10
一直在追的电影，非常喜欢的节奏，期待越来越好,15704379600,1,2,8
还可以    。,15704379600,2,2,10
补一下评分。,15704376000,0,2,8
好看好看好看,15704374200,0,2,10
感觉这个系列已经编不下去了，所以死的死，老的老，算是个完结篇吧,15704361600,1,2,6
好！    ,15704359200,2,2,8
好看  太精彩了,15704355600,1,1,10
总体来说还不错，剧情特效都可以,15704351400,1,1,9
无与伦比 结局虽然让人难过,15704344200,1,2,10
热热热闹的一块的时候了有别人两个月底,15704341200,2,2,10
万众期待钟结局,15704335200,0,2,9
很感动。。。,15704332800,0,2,10
好看。。。。,15704329200,0,2,10
感觉一般那，不是,15704328600,1,2,5
强烈推荐，完美。,15704326200,2,2,10
挺好的哈哈哈,15704318400,2,1,10
行 可以 不错,15704317800,0,1,10
真正从小看到大的电影 无需多言!,15704307000,1,3,10
好好，值得一看，电影院新的很。,15704304000,1,2,10
好看好看好看,15704293200,0,2,9
非常不错值得观看,15704291400,1,3,8
好好看超级喜欢hhhh,15704272200,2,2,10
好看(｡･ω･｡)ﾉ♡,15704262600,0,2,10
真的很好看，值得推荐,15704262600,0,2,10
特别棒鼎力支持,15704257800,1,2,10
可以很棒。。。。,15704256600,1,2,10
挺好看的，结局不美满,15704255400,1,2,9
很好看，视觉感舒服,15704255400,1,3,10
好看好看好看,15704254800,2,2,10
不错，还是推荐给大家！！！,15704254200,1,2,7
就一个字爽！,15704244000,0,2,7
好好好好好！,15704240400,1,2,10
还可以看的比上一部绕脑点qwq,15704235000,0,3,7
好红红火火恍恍惚惚,15704221200,0,3,10
减掉的一分是因为我寡死了（微笑）,15704216400,2,3,9
十年布局，只为一战,15704214000,1,3,10
一般般，不咋滴,15704207400,0,1,10
好看的不得了,15704200200,1,2,10
环境好，就是歌手唱的真不太好,15704195400,0,2,10
很好看，到最后热血澎湃,15704190000,1,2,9
终结片，寡姐死的那一刻泪奔了，爱你三千遍,15704189400,1,2,10
终极之战 扣人心弦,15704185200,0,3,10
不错吧，还行,15704183400,0,2,7
看了两遍...总算弄懂人物情节了,15704181600,0,3,8
钢铁侠牺牲。,15704176800,0,2,10
看不懂，打扰了,15704172600,0,3,10
很好看  棒棒哒,15704170200,2,3,10
好看，完美6666666,15704163000,0,2,10
去年看了复联3今年看4  全员复活的一瞬间泪目了,15704161800,2,2,8
疯狂流眼泪的一部电影,15704159400,2,2,10
还可以，但杀鸡取卵了。,15704147400,1,3,10
情怀满分 彩蛋满满,15704128800,1,3,10
很好看 就是有,15704117400,0,3,10
看过最久的电影   剧情不拖拉   看到了前几年的回忆，震撼,15704110800,0,3,10
没啥想写的，就这样吧,15704092200,1,2,9
有些出乎意料,15704091600,0,2,10
原谅我这个1.2.3都没有看过的人，实在是看不懂，看了一个小时，煎熬！走了。。。。。。,15704088600,0,3,7
作为老人漫威粉丝，这部就有情怀上的喜欢。,15704074200,1,3,10
太喜欢这个电影了,15704053200,2,2,10
真的太好看了。,15703843800,0,2,10
很有趣～～～,15703827600,0,2,10
特效太好看了,15703795200,1,3,7
看不太懂，没有看前几部,15703773000,2,2,7
前面几部没看，有点看得云里雾里。,15703764000,2,3,8
看完，回家把漫威电影全看了,15703760400,0,3,9
终结了，以后没有复仇看了有点失望啊,15703758600,1,2,10
把钢铁侠弄死这个剧情，真的想给1分,15703757400,1,1,6
贼好看 看了两次！,15703734600,2,3,10
好的ヾ ^_^♪,15703732800,2,1,10
还行吧，一直对复仇者联盟不太感冒。,15703710600,0,2,8
不错的影片，值得推荐,15703696200,1,2,10
好的好吧呀呀,15703694400,0,2,10
绝对值得看。,15703686000,0,1,10
复仇者联盟是一种情怀,15703685400,1,3,9
非常好看很好,15703680600,0,2,10
漫威结束了十年,15703669800,2,3,9
还不错，激情热血,15703668600,0,1,10
好棒啊啊啊啊啊,15703664400,1,1,10
好看，真真的大片,15703630800,1,3,10
去年去看了复联三，还不错，特别期待今年的复联四。漫威没有让我失望，但是钢铁侠却走了。我爱你三千遍。,15703627800,1,3,10
无所谓了你是我的眼里只有你凶你洗澡去了吧啦,15703624200,0,1,8
值得一看，钢铁侠的结局太悲伤了,15703624200,2,2,10
没得说！！很完美,15703617600,1,2,10
有感动，有遗憾，有美好，有期待！,15703612800,1,2,9
十年一剑，不是一般的好看，是太好看了,15703606200,1,1,10
漫威十年布局，没有辜负期望,15703601400,1,2,10
还可以，挺好的，有时间都去看看,15703598400,0,1,10
一般，个人感觉一般，没想象中的那么好,15703593000,1,3,8
还可以，看到了凌晨,15703591200,0,2,8
额。。。。。,15703580400,2,2,7
很精彩，世界再无钢铁侠托尼斯塔克,15703577400,0,3,10
挺好看的呢。,15703569000,0,3,7
激动人心，可惜我的寡姐回不来了，눈_눈,15703567200,2,2,10
YY咿呀咿呀哟,15703561200,0,2,10
好的好的好的,15703553400,0,2,10
特效爆炸，不要太牛逼,15703549800,2,2,10
一般般的片子，噱头大过片子本身,15703546200,2,3,6
因为责任，所以联盟,15703542600,1,3,10
当你说：“我就是。。钢铁侠”的时候我就知道你要挂。期待下一部,15703540200,0,4,10
开头先来一个灭霸之死，后来又活了，出其不意。,15703538400,0,2,9
动作超前，惊险刺激,15703537800,0,2,10
管，非常不错呢,15703533600,0,1,10
NBNBNB,15703524600,0,2,10
TM哦哦萝莉控(´-ω-`)痛的得得得得得得,15703522200,1,2,1
好看(｡･ω･｡)ﾉ♡,15703516200,0,2,9
好看值得一看,15703505400,2,2,10
觉得就是就是时间就是叫撒,15703496400,0,2,5
特效超级棒！就是看之前恶补了前三部！太累了！还能出第五部吗？,15703495200,1,2,10
值得一看好吧,15703493400,0,2,10
啦咯啦咯啦咯,15703480800,2,2,10
好的。好的。好的,15703465800,0,2,10
Or very good， mainly too long a time， forget what the content.,15703463400,0,2,10
复联的最后一部，钢铁侠和黑寡妇再见了,15703453200,1,2,10
无聊，看不懂,15703444200,1,2,1
很好看的一部电影,15703441800,0,2,10
特效上，服装上都非常优秀,15703441800,1,2,10
好(✪▽✪),15703435200,2,2,9
激动的我眼泪掉下来,15703435200,1,3,10
复联完美落幕 再见了 黑寡妇 钢铁侠,15703434000,1,3,10
步步惊心的时候我就想要你的生活方式和美关系的发展潜力,15703409400,1,2,10
阔以的啦，应该是强迫症，把这个系列按时间从头到尾看了一遍，看速度与激情也是强迫症，真的还是不错的，以前不理解老弟为啥喜欢这些，直到在大学喜欢一个这个系列的男生，接触了，一部一部的去刷，去仔细的看每个英雄，看完之后，制作还是很棒的，但个人口味原因，没那么强烈喜欢，不过呢，是真的不错，自己从第一部开始接触，多少还是有点情绪的，虽然最后没有和那个男生在一起，但，安利了这个系列的电影，也是不错的啊，还有，最喜欢的角色还是钢铁侠，尤其是第一部，还有火箭和格鲁特也超可爱的呢，稀饭。,15703403400,2,3,9
在安庆旅游看的   也是很印象深刻了😂😂😂😂😂,15703402200,2,2,10
好看，期待复联5的到来！,15703401600,0,2,10
钢铁侠万岁，爱你,15703399200,2,2,9
二刷挺棒的。,15703397400,0,2,8
我永远爱小蜘蛛,15703391400,0,2,8
很好很好很好,15703391400,0,2,10
满意，挺精彩的,15703386600,2,3,9
很遗憾没有把之前的几部全部看了这一部，最后看着还可以。,15703385400,0,3,10
越来越看不习惯超级英雄电影了,15703383000,0,2,6
一般般时间长了,15703382400,1,2,7
我不想说其他，好看就是,15703378200,0,1,8
完美结局！很震撼，也很感动！,15703373400,0,2,10
陪老公看，不错,15703366800,2,2,10
情怀分。。。,15703351800,0,3,6
影片挺好的，爆米花电影,15703350600,1,3,10
太棒了大漫威,15703344000,0,2,10
好看，因为没看过前三部，看了之后直接把前三部补了,15703343400,2,2,10
好阿里木*(๑>؂<๑）好吃喵！,15703341600,1,2,10
很好好到不行,15703335600,0,3,10
很不错。值得看一下,15703334400,1,3,8
十年漫威啊 我不管 就是好看好看好看,15703319400,2,2,10
一入漫威深似海，不舍结局，向钢铁侠致敬。,15703314000,0,3,10
无敌破坏王(｢･ω･)｢嘿,15703311000,0,2,9
我爱你3000遍，！？！？。！,15703294800,0,2,9
我总是希望用文学的理想之光来支撑自己内心的疲惫、不安和虚空，希望文学的光芒可如水中的粗石细沙之光样，照亮总是出现在我眼前漂浮不散的一团团的黑暗。           ——《托尼.史塔克-钢铁人是怎样炼成的》,15703294800,1,3,10
钢铁之心，爱你三千遍,15703281600,1,2,10
很好看。。。,15703266600,1,3,8
电影很好看，等了好久，终于有时间去了，可能是时间太长了，电影院里很人很少，但是还是阻挡不了好看,15703260000,2,1,10
不错，挺好看的,15703260000,1,2,10
洛基镜头太少了,15703258800,2,2,9
剧情太长了吧,15703254600,1,1,8
好看，非常好的,15703251000,0,3,10
突然再也不想看漫威了，寡姐去了，钢铁侠没了……,15703231800,0,2,10
一般  就是一般,15703215000,1,4,8
完美，有始有终,15703202400,1,3,10
电影结局挺好,15703197600,0,2,10
已经过去近4个月了，还是会被震撼到。一起期待下一个十年,15703192200,0,3,10
好看，没话说,15703191000,0,3,10
uuujjkk,15703156800,0,2,9
好看的一批，力荐！,15703087200,0,2,10
还好，但感觉还是有那么视觉疲劳的效果,15702987600,1,2,8
电影很好看的,15702982800,1,3,10
据说这是初代英雄的终结篇，虽然我不是漫威的死忠粉，但我对于这个庞大的漫威宇宙还是非常崇敬的，因为里面承载了太多人的记忆。其中我最喜欢钢铁侠，同样的，我也非常喜欢他的扮演者小罗伯特唐尼，相似的性格，相似的经历，互相的拯救，十年的陪伴，着实令人感叹。这次《复联4》中真的带给我了不少震撼，里面的情节也有许多令我意想不到和惊讶的，但同时也带给我了不少感动。十年漫威，真的陪伴了很多人，希望漫威顺利迎来下一个十年，它真的是很多人生命中非常重要的一小部分！,15702927600,2,2,10
钢铁侠不死就完美了,15702900000,2,2,9
很好很好很多了,15702898800,2,2,10
nais nais,15702897600,1,3,9
喜欢复仇者联盟👍,15702895800,2,3,10
还不错，，，,15702877200,0,2,8
始于钢铁终于钢铁三：小蜘蛛：我感觉很难受，我不想死，我不想死，先生，对不起四：小蜘蛛：史塔克先生，我们赢了you are lron manI love lron man爱你三千遍,15702871800,0,3,10
复联结束聊啊,15702866400,0,2,10
自己比较喜欢,15702864000,2,3,10
好看，推荐去看看。,15702835200,0,1,10
遗憾与希望共存，希望遇见更好的你们。,15702813000,0,3,10
一般般吧，剧情有些老套,15702803400,0,2,7
还好吧。马马虎虎,15702803400,1,3,7
二刷依旧激动万分！,15702786000,1,2,9
一直在追，过瘾,15702785400,2,2,9
非常好看，好震撼！,15702784800,2,3,10
我们的生活方式是什么,15702780600,2,2,10
好看吧好看吧,15702775200,1,3,10
nice  nice,15702773400,0,1,10
真的真的好看,15702768000,0,2,10
还行，呵呵呵呵,15702760200,0,3,9
不好看好看好看好看喜欢,15702754200,1,2,8
彩蛋连连，让漫威迷们泪奔……,15702753000,2,5,9
好看，超级好看,15702747000,0,1,10
非常好看   略带搞笑,15702745200,1,2,10
好看，很喜欢,15702731400,1,3,10
我看得批爆，就是时间长，我想窝尿,15702726600,1,1,10
推荐，，，，，,15702723600,0,2,10
没带眼镜去看，哭死,15702714600,0,2,8
看睡着了，也许对类似的没多大兴趣,15702705600,0,3,8
习...惯...好...评！,15702703800,1,2,10
不错的电影 紧接着上一部的剧情 但是这一部的剧情中感觉稍有不足 不过问题不大 全程无尿点,15702697200,0,3,10
特效good,15702693600,1,2,8
一般般一般般,15702691800,1,2,7
嗯ヽ(○^㉨^)ﾉ♪,15702688800,0,1,10
非常好看，，,15702681000,1,2,10
感觉还不错啊,15702679800,0,2,10
好看 够贵 够彩,15702678600,1,3,10
值得狠狠地刷好几遍,15702677400,0,2,10
不错，期待后续,15702669000,2,2,10
挺好的 挺好的,15702665400,0,2,8
非常好！位置好！,15702664800,1,1,10
不是漫威迷，不过特效挺好,15702641400,0,2,10
没想象中宏伟！！到也不错,15702637200,1,2,7
很一般！！！,15702601800,1,2,8
能看的睡着了,15702579600,1,2,3
非常好，很好看,15702570600,0,2,10
挺好看的，心疼钢铁侠,15702566400,0,3,9
复联系列的终结和电影本身制作没什么关系电影本身也是爽片，没什么可说的。,15702565200,2,2,9
很好看，觉得不错,15702546000,1,2,9
一入复联深似海，每部必追啊。,15702543600,0,2,10
太好看了，特效非常足,15702542400,0,2,10
一般般一般般,15702532800,2,4,8
很好看 很感人的电影,15702525000,2,2,10
片，还好啦。,15702509400,0,3,8
电影不错，小孩烦死了。,15702506400,1,3,10
我铁粉，就不多说什么了,15702504600,1,2,10
十年布局，最终一战。震撼就完了。,15702504000,1,4,10
好看，好看，好看,15702497400,1,1,10
结局有点受不了,15702485400,1,2,8
非常好，漫威加油,15702484800,2,2,9
还不错。。。。。。。。。。。。。,15702480000,0,2,8
特效很精彩，不错很好,15702477600,0,2,9
太棒了 二刷了,15702475200,2,2,9
绯红女巫复活后迎战灭霸和惊奇队长参加后期团战的燃点处理的不错，印象比较深刻。寻找无限宝石的时候，老是制造一些不好笑的点，看着尴尬。除去开场十五分钟，总体还算不错吧，以爆米花片来说。,15702469200,1,3,9
十一年的斯待，完美收关,15702468600,0,1,10
再无美队，有点难过,15702466200,0,2,7
ending,15702456600,2,2,10
钢铁已去眼泪汪汪,15702442800,0,3,10
我的黑寡妇啊，啊啊啊，钢铁侠也没了，但总体观影感觉不错😄,15702432000,2,3,10
一般般呜呜呜，之前没有看过前面的,15702430800,2,3,8
想像能力很可以,15702423600,0,3,10
还好吧,15702408600,2,2,7
神仙打架，看的过瘾！,15702406800,0,2,10
真的是太棒了 我一直期待这部电影刚出来我立马就去了 ,15702403200,1,3,10
好看好看好看,15702380400,0,2,10
完美的谢幕 好,15702378000,1,3,10
满分，不骄傲,15702370200,2,2,10
三个小时剧情有些无味，但漫威是理想！,15702367800,0,2,7
好看，下个十年是啥呢,15702364200,1,2,9
不错，很好看的电影,15702360600,0,2,10
真的很好看。,15702340200,1,3,10
是我想要的结局，就这样，完结了，复联,15702256800,2,2,10
挺不错的，人员场景弘大,15702082800,0,2,10
都挺好，就是场内味道太重,15702061800,0,1,10
星爵敢不敢再蠢一点…omg,15702058800,2,2,10
漫威必须10分。,15702027000,1,3,10
非常好呀呀呀,15702007200,2,2,10
好看😊 很精彩的一部电影,15701990400,2,2,10
不错值得一看,15701979600,1,1,8
好看           好的好好,15701968800,1,1,10
可以6666,15701967000,0,2,10
从我是钢铁侠开始，从我是钢铁侠结束,15701962800,1,2,10
此电影很奈斯,15701958600,1,2,10
超级喜欢  挚爱,15701952000,1,2,10
经典之作呃呃,15701951400,0,3,10
看到想睡觉前面，,15701943000,0,2,5
漫威的忠实粉丝了 好看好看 钢铁侠死了我太难过了,15701931000,2,2,10
等了很久的片子，可以的,15701926800,0,3,10
为什么没有了？钢铁侠就这样留下爱你三千边走了,15701894400,0,2,10
灭霸死了，剧情有点紧凑，漫威迷难过死了,15701887800,1,1,8
感觉一般，不怎么好看,15701883600,2,2,6
后期很震撼哦,15701876400,2,1,10
非常好看  喜欢,15701874600,0,2,10
还行吧，看了三小时以前的梗都补上了，比较有情怀不枉粉丝这么期待，但还是不觉得很惊艳吧。,15701870400,1,2,7
完美之作，完美收官！,15701869200,2,3,10
挺好的，挺好看的,15701866800,1,2,10
满意满意满意,15701866200,0,2,8
默默按摩俱乐部,15701860200,0,2,10
超级喜欢的呢,15701860200,1,3,10
挺好的挺好的,15701859000,2,2,10
特别好看赞赞赞,15701856600,0,2,10
哈哈哈666,15701837400,0,2,10
没看过前面的,15701833800,1,4,7
可以可以好好好,15701833800,2,2,8
最后大战有感觉,15701830800,1,3,8
评论晚了。一起看的人现在已经是前男友了。真好。,15701828400,0,2,10
咖喱鸡块好看,15701824200,1,1,10
除了剧情其他都好说,15701814600,1,2,9
不错不错，好极了,15701811000,0,3,9
漫威粉觉得超赞,15701808600,0,2,10
好好看，还有点舍不得结束复联啊。,15701805000,0,3,10
特技不错一如既往，内容一般般。,15701796000,0,2,8
复联冲啊啊啊啊啊啊,15701793600,0,3,8
牛逼，牛逼。牛逼，值得一看,15701791800,0,2,10
对不起，我不喜欢终结,15701790600,0,3,3
不是很好看，看的都有人睡着了,15701789400,1,3,7
1擦擦眼泪哦哦哦,15701787000,1,2,10
ok!值得观看！,15701779800,1,1,8
好看好看好看,15701761800,0,2,10
非常非常好特别好,15701760600,0,2,9
漫威大作  无需解释  九分因为你不是国产的  滑稽保命,15701754000,0,2,9
爱你三千遍……,15701751600,0,3,10
第一次尝试这类题材，感觉还可以,15701733600,0,3,10
买错票。。。没去看，尴尬不！,15701725200,0,2,7
好看好看好看,15701724600,1,3,10
很好，特别好,15701719800,0,2,9
大爱漫威，非常好看,15701719200,0,2,10
就还行吧，前部分很容易睡着,15701719200,1,2,8
好看，科技感很强。,15701711400,1,2,10
爱你三千遍！,15701708400,0,3,10
很好看，我居然睡着了，孩子看的哈哈哈哈哈哈😄,15701706000,1,2,10
emmmm……,15701704200,0,2,7
还好吧，就那样,15701703600,0,2,10
好看啊震撼到我了,15701702400,1,2,10
不错。。。。,15701699400,1,1,8
好看6个字评价,15701692800,0,2,10
好看不错的不错,15701683800,2,3,10
赞赞赞，非常喜欢,15701679600,2,1,10
10年布一局，能不精彩嘛！一刷的时候从最后半个小时开始哭，二刷的时候从头哭到尾😔，爱你不止3000遍,15701676000,0,4,10
精彩，情怀，家庭,15701674200,1,4,9
中，影片可以，场地一般！,15701662800,1,1,10
视觉效果很好,15701658600,1,3,10
还ok吧，帮老爸买的票,15701658600,2,1,7
还可以，，，，,15701658000,0,2,10
很好看(｡･ω･｡)ﾉ♡,15701643000,2,2,10
自己领悟吧！,15701641800,1,2,10
还行，没看过复联3，就直接看复联4了。特效还行，有点看头。,15701636400,0,2,8
一般般，说不上很好看,15701629200,2,3,8
我觉得OK嗷,15701618400,0,2,10
太好看，只是,15701613600,1,2,8
真的非常好看，钢铁侠最帅了。,15701587800,2,1,10
nice   good,15701577000,0,2,9
总体还好，还不错的吧，可以的。,15701576400,1,2,8
一般剧情不是很懂，票还贵,15701573400,0,2,7
我就说你可能礼包含什么？我就想,15701572200,0,2,7
还不错。挺好看的,15701571000,0,1,10
美国翘臀 肥宅雷神 爱你三千遍 史塔克家族今年双杀boss,15701568600,0,3,8
追了七年，从六年级到高三毕业，四部复联陪伴了我的整个中学时代!他日有缘，漫威宇宙，再次相遇 😁 ,15701558400,1,3,8
不错不错，值得推荐,15701547600,0,3,10
打斗场面激烈，结局很圆满,15701546400,1,4,10
好，值得每一个人看看,15701538600,1,2,10
好看的呀，哈哈,15701532600,1,2,10
***的现在感觉是真的贵,15701527200,1,3,1
场面挺宏大的，登场的英雄们也超多，反正大团圆结局,15701515800,2,3,10
再来一部。。必须的,15701510400,1,3,10
希望还有，期待期待，哈哈！,15701500800,2,2,10
整体不是很满意,15701497200,1,2,6
各路英雄大杂烩。,15701494800,1,3,10
可以阔以剋U,15701494200,0,3,9
还可以吧，。。。,15701443800,1,1,10
非常好看 视觉效果非常好,15701381400,0,2,10
非常满意，你试试就知道了,15701368800,0,2,10
我觉得不好看，不知道为什么这么多人喜欢看,15701362800,0,2,2
好看，挺喜欢的,15701279400,0,3,10
非常好看推荐,15701262600,1,2,10
不错不错不错😊,15701247600,2,2,10
钢铁侠打响指的时刻美队拿起雷神之锤的时刻小辣椒穿上战甲的时刻钢铁侠的葬礼美队终于还了那支舞泪目,15701236200,0,1,10
观自在菩萨行深般若波罗蜜多时照见五蕴皆空度一切苦厄舍利子色不异空空不异色色即是空空即是色受想行识亦复如是舍利子是诸法空相不生不灭不垢不净不增不减是故空中无色无受想行识无眼耳鼻舌身意无色声香味触法无眼界乃至无意识界无无明亦无无明尽乃至无老死亦无老死尽无苦集灭道无智亦无得以无所得故,15701226600,1,2,8
老婆寄给我呢，呢？！,15701224800,0,2,9
看不懂，看了一半就没看了,15701217000,0,2,1
感觉还不错哦,15701210400,2,2,7
电影很好看，可是没了你！,15701204400,0,2,8
你这是我婆新朋友晚上我,15701197200,0,3,9
不错，值得推荐,15701195400,2,3,10
看着看着睡着了,15701191800,0,3,7
剧情很好，结尾很感人。,15701184000,0,2,10
道理我都懂，但是就是不喜欢美队拿雷神的锤子再见 iron man 最后，辣鸡罗素!,15701177400,1,3,9
很好看很好看,15701173800,1,2,10
特效超级好，看着很刺激的，特别推荐,15701159400,2,2,10
挺好的嘎嘎的,15701155800,0,1,10
跟他看的嗯。,15701155800,2,3,10
好看哈克好看,15701145600,2,2,10
还凑合！感觉国产的比进口的好看多了！,15701143200,1,4,6
阵容庞大，许久不见的都到齐了，感人，一个时代的终结！赞,15701142600,2,2,8
不错的电影值得推荐,15701136000,1,2,10
好看得很呀！,15701132400,0,2,10
很长的预告片,15701121000,0,1,10
伤感，为什么寡姐要死……,15701119200,2,2,8
一个字，震撼,15701101200,0,3,8
不值得看！太假！就是这种精神值得学习。,15701091000,2,2,2
好看呀，非常好,15701091000,1,2,10
信念的力量，无穷大,15701090400,1,2,8
完美！(˘͈ᵕ ˘,15701089800,0,2,10
完美电影 无话可说,15701088600,1,1,10
。。。还行，,15701083200,0,2,7
特效很棒，好看,15701079600,1,2,8
这是多少漫威迷一直盼望的，虽然我不是，但是客观评价真是非常好！美队和钢铁侠，以后还想再看到你们，怎么办？,15701077800,2,4,10
嗯，特效不错，,15701074800,0,2,8
哈哈哈呵呵呵,15701053800,0,2,10
很好看 特效不错,15701050800,1,2,10
我的眼泪可能不要钱,15701047800,2,3,10
太好看了吧！,15701039400,2,2,10
还可以吧！继续努力吧,15701036400,1,4,9
还是不错的，可以去看,15701035200,1,1,10
挺好的。。。。,15701017200,1,1,10
可以，很厉害,15701014200,1,2,10
好看👍👍👍👍,15701013000,2,2,10
为了联盟 真的不知道怎么形容了 四个字不够评论啊,15701012400,1,2,10
很好看 妮妮打响指的时候真的泪目,15700999800,2,2,10
非常好看！ヽ(*ﾟｰﾟ*)ﾉ,15700989600,0,1,10
嗯嗯，哦哦，呵呵,15700974600,0,1,6
很不错！！！,15700974600,0,1,10
不错不错不错哦嗯嗯哈哈,15700969200,2,3,9
完全看不懂。,15700966800,2,3,3
是真的不错的片子,15700959000,1,2,8
托尼死了，我哭了,15700958400,0,3,10
特效一如既往的牛皮,15700954200,1,2,8
真心不错。。,15700950600,0,2,10
有点长，总体还可以😂,15700947000,1,2,7
超好看值得去！,15700940400,0,2,10
感觉就是把三中片段拼凑起来的,15700939200,1,2,8
我含一口野格，你含一口红牛，我把舌头伸进你嘴里，我们就是JagerBomb,15700938600,1,2,10
超级震撼，看的太激动了,15700927800,2,2,10
好好好   很好看   就是以后没有了  可惜,15700924200,2,2,10
又一部好电影烂尾了,15700923000,1,2,6
没什么特别的，单纯是看了前面不看后面难受,15700922400,1,3,8
刺激好看大排面,15700920000,0,3,8
很好看的电影。太帅了。,15700908600,2,4,8
手续费好贵呀,15700908000,1,2,6
挺好的挺好的,15700907400,1,3,10
超级无敌喜欢💕 蛮好的，电影还不错呢。蛮好的，电影还不错呢。蛮好的，电影还不错呢。蛮好的，电影还不错呢。蛮好的，电影还不错呢。蛮好的，电影还不错呢。蛮好的，电影还不错呢。蛮好的，电影还不错呢。蛮好的，电影还不错呢。蛮好的，电影还不错呢。蛮好的，电影还不错呢。蛮好的，电影还不错呢。蛮好的，电影还不错呢。蛮好的，电影还不错呢。蛮好的，电影还不错呢。蛮好的，电影还不错呢。蛮好的，电影还不错呢。蛮好的，电影还不错呢。,15700897200,0,3,10
难看，难看，难看,15700896000,2,1,1
特效真棒，可以,15700894200,1,2,8
还不错还可以,15700890600,0,2,10
特别好看，特效效果很好,15700885200,2,2,9
好看啊啊啊啊啊,15700883400,0,2,10
天哪 看哭了 我的钢铁侠啊啊啊啊！,15700878600,2,2,10
十年布局，终极一战,15700870200,1,4,10
只为园一个梦，已经不大好看了，当然也没看明白。,15700849800,0,2,6
海星吧，就那样,15700849200,0,2,8
不理想，没打完就结束了，故意用美式和平？,15700845000,1,3,3
超级感动，当全英雄都出场的时候画面极其震撼！,15700843200,0,2,10
好看好看好看,15700842600,0,1,10
就是时间太长了，很感动.尤其是这句我爱你三千遍,15700834200,2,2,10
唉 就会死一直追呗，,15700830600,1,3,10
完美收官，可惜托尼，不知道能不能挺过来,15700825800,1,3,9
不错 还可以,15700823400,1,2,10
剧情内人物跨度比较大，对我这种脸盲😂 看着有点辛苦哈哈哈,15700823400,0,2,9
好看😁😁😁😁,15700813200,1,2,10
太过分很反感恢复出厂。,15700810800,1,2,7
还行吧，可以看,15700797000,1,2,8
好红红火火恍恍惚惚哈哈哈哈,15700797000,0,2,10
很不错，看得很震撼，效果也很好。,15700788000,2,3,10
挺好看的，下次继续看,15700785000,0,1,10
非常喜欢！！！！,15700784400,0,2,10
今年看过的最好的电影！无需炒作，实力说话！,15700771200,1,5,10
将就吧，主要是我不追这个,15700766400,0,3,4
3小时全程无尿点,15700759800,1,3,9
超好看，就是当时陪我看电影的是个羊尾油腻男让我回忆起来有点恶心,15700757400,0,2,10
之前的没看过，但看完这个，有想把之前的都看一遍的想法！,15700756800,0,1,8
喜欢喜欢喜欢,15700753800,0,2,10
非常满意。。,15700751400,0,3,10
很好看，太好看,15700749600,1,1,10
一部终结和开始的片子。,15700734600,0,3,10
完美，， ，，，，，,15700728000,0,2,10
前两个小时有点拖沓,15700707600,2,2,5
和对象去看的发现看不懂,15700703400,2,2,5
复仇者 集结,15700699800,2,2,10
太好看了。。,15700699200,0,2,10
超级棒的电影 特效 也不错,15700699200,0,3,10
4D不错👍🏻,15700690200,2,2,10
最后一点燃到爆炸了，刺激又感动,15700684800,0,2,10
好得一批的的,15700683000,1,3,10
可以，还蛮好的,15700663800,0,3,7
没去电影院看，现在视频软件也上映啦我爱他们何止3000遍,15700662600,0,2,10
还可以吧，不过三个小时属实有点长,15700660200,0,2,10
太震撼了，挺好看的,15700642200,0,2,8
孩子非常喜欢看。,15700635600,0,2,10
美式个人英雄主义！不如中国英雄好,15700630800,1,2,10
还可以吧但是没有之前的几部好看,15700629000,1,1,7
不错，就是钢铁侠死了很伤心,15700627200,2,2,10
不是我所期待的结局，好失望,15700403400,0,2,10
很好看很惊喜,15700386600,0,3,8
很精彩 很震撼，不错，。。。,15700386000,2,1,10
一直都喜欢 这个系列的电影，如果还出续集的话还会再看,15700338000,1,2,10
复联收官之作,15700332000,1,2,10
太棒了，奇异博士带着众人回归我差点就了,15700330800,2,3,10
服务态度很好,15700323600,1,2,10
太感人了，钢铁侠,15700315200,2,3,10
好看！！！~~！！~~！！,15700311600,0,3,10
好看，喜欢漫威的朋友一定要去看￣ ￣)σ,15700310400,0,2,10
太好看了吧！，,15700299000,1,2,10
I LOVE 钢铁侠！,15700295400,2,2,10
特效厉害～心动的感觉,15700295400,0,2,10
挺好看的，我喜欢。,15700285200,2,2,9
钢铁侠，一代英雄的落幕！,15700279800,1,2,9
看的夜场，和朋友一起看的，就我一个人看完了😭,15700278600,2,3,8
完美，感人，惋惜,15700272600,1,2,10
对我来说我只能说还行吧！,15700272600,0,2,8
你好，贾维斯,15700262400,1,2,10
好的好的好的,15700262400,1,2,10
I love you three thousand times,15700260600,2,3,10
特别喜欢，好看,15700253400,0,3,9
好看，但是挺难过的,15700247400,0,1,10
很好看。。。,15700245600,1,2,10
不错不错不错,15700236600,1,2,10
雷神特效太好了,15700233000,2,3,10
好好好好好哦,15700230000,0,2,10
美国大片已经都是老套路,15700227000,2,2,6
很喜欢啊😊 💙 💙 💙 ,15700219800,2,2,10
呵呵 只能说呵呵,15700209600,0,3,10
很精彩，很好看。,15700208400,0,3,10
还行吧。。。。。,15700203600,1,3,7
嗯嗯好看死啦,15700201800,0,2,10
不行，以后别拍了，不好看,15700189200,0,2,1
爱你3000遍,15700189200,1,1,10
I TRY AND I MADE IT,15700185000,1,2,10
非常好看👍,15700180800,1,2,10
超爽的电影，一代人的漫威情节要过去了，迎接新的未来，虽然有点小伤感。,15700179600,0,2,10
非常不错！环境优雅！,15700178400,0,2,10
外国片拍的太差了,15700165800,0,1,2
超好看，看好几遍,15700156200,1,2,10
完美结局，不负期待！,15700154400,0,2,10
一直很期待，果然没有让我失望！,15700144800,2,1,10
好看，特效炸裂，过瘾,15700131000,1,2,9
perfect,15700130400,0,2,10
演员很全，改出来的都出来了，结局也很让人意外，总体还算满意,15700123800,2,2,8
还行吧！不难看,15700119000,0,2,8
好👌🏻好👌🏻好👌🏻,15700113600,1,2,10
还行 为什么要评价6个字,15700108800,2,2,10
太好看了，超出我的想象，一种情怀，,15700092000,1,2,10
很好看，特效不错,15700089600,1,3,8
 值得看，不错😊 ,15700086000,2,2,10
很好看很感动,15700086000,1,3,10
一分努力下！,15700081200,2,2,9
电影情节一般,15700072200,2,2,9
很好，不错，好看,15700070400,0,2,10
好剧本好演员，被陈晓深深带入,15700063200,1,2,10
很好看，所有疑问都有了回答，,15700062600,2,2,10
还行吧…………………………,15700047000,1,2,9
还行，还是可以的,15700044000,1,2,7
环境不错，好看,15700044000,0,2,10
可能看的就是个情怀吧。,15700042800,0,2,10
好看，孩子很喜欢,15700042800,0,2,10
好看好看，美队帅炸了,15700033800,0,2,10
超级好看的啊,15700030800,1,2,10
好看。。。。。,15700024800,1,1,8
大战时“女子天团”超级帅，真正的“妇联”……托尼真心把小蜘蛛当成自家的崽……巴基果然是美队的“死穴”……超级英雄都是女儿奴……托尼·史塔克史蒂夫·罗杰斯索尔·奥丁森布鲁斯·班纳娜塔莎·罗曼诺夫克林特·巴顿 ​​​初代再见，初心不变~,15700024800,0,2,8
没看过前几部，看不太懂。不过漫威还是不错的。,15700020000,1,2,8
看了这个，完美！,15700018200,0,2,10
美国大片，特效杠杠的。,15700011000,0,2,10
看不懂剧情，还没上几部好看些,15700002000,1,2,3
经济实惠，不错,15699996000,0,2,10
剧情有点赶，特效没的说，还不错。,15699993000,1,2,8
有点小感动，还特意去听片尾，等了很久,15699992400,0,2,10
可能是漫威陪了我十年的缘故吧，无论我还要看几遍，我都会哭出来,15699987000,0,3,10
看不懂 或许是我太笨了,15699984600,2,1,2
很好，就是太长。,15699980400,1,2,10
个人觉得一般。,15699977400,2,3,8
本哈本哈本哈,15699976200,1,2,9
烂片，豪无厘头,15699976200,1,3,6
没看前几部，感觉云里雾里～但是特效还不错。,15699971400,2,3,8
不错，挺好看的。,15699970800,1,2,9
棒极了！但是好心疼妮妮QAQ,15699966600,2,4,9
服务好，效果好,15699947400,1,2,10
重头打到尾一直在打,15699946200,1,1,10
非常还看，感动,15699941400,1,3,10
无与伦比的棒！,15699927600,2,3,10
非常棒！看了好几遍，还想看,15699924000,1,3,10
非常好。。。,15699919200,0,1,10
不愧是终极之战，震撼！,15699918600,1,2,10
之前的因为没看过，没看懂。,15699918600,2,2,10
真的帅呆了！！！,15699918000,2,3,9
真的很满意，很棒强烈推荐,15699912000,0,2,10
除了把钢铁侠写死了，其它的都很满意,15699908400,0,1,9
8是出于一个漫威迷给的分，剩下的1.5则是对于坑填满的满意,15699894600,2,3,9
没看前几部，没怎么看懂！,15699893400,0,3,8
爱你不止三千遍.,15699890400,1,2,10
还好还好还好,15699883800,0,2,10
好看！哎，很久了这才评论,15699883200,2,2,10
很好看(｡･ω･｡)ﾉ♡,15699879600,2,2,10
很好非常好非常好,15699878400,1,1,10
不好看，失望的,15699877200,1,2,6
总体还是不错的，继续努力,15699868200,1,3,10
故事情节一般般,15699863400,1,1,8
和喜欢的男孩子一起看的！,15699860400,0,3,10
好评好评好评呀,15699840600,0,2,10
是真的好看呀,15699835800,1,2,10
不错，值得推荐,15699834600,2,2,9
第一次陪男朋友看电影，虽然以前没有看过漫威的电影，但是知真的超赞的,15699833400,0,3,10
嗯呐，不错哟,15699829200,0,2,9
没有想象中的那么好看,15699824400,2,2,8
太酷了吧，我的天哪,15699823200,0,2,10
结束了我们的十年,15699821400,0,3,10
v发反反复复的,15699819000,0,1,10
看了好久了 才来写 追,15699816600,2,2,8
冲冲冲！！！,15699810000,1,3,10
不错还是很棒的,15699810000,1,2,10
因为没看之前的，剧情链接不上,15699801600,2,2,8
复仇者联盟万岁,15699800400,0,2,10
迟来的评价，致我永远的复仇者,15699788400,1,2,10
电影十分的好看,15699786000,0,2,10
非常震撼的电影,15699782400,1,3,10
我爱你三千遍,15699776400,2,3,10
千篇一律的赶脚,15699775800,2,2,6
挺有意思的！,15699774000,0,3,8
太好看了吧！,15699764400,2,2,9
煽情的话有些情景让人潸然泪下。,15699760800,1,2,8
还是一如既往的好看,15699753600,1,3,8
实在是太好看！,15699745200,0,3,10
你还需要输入5个字,15699733800,2,2,10
很好，观看的人很多,15699727200,1,1,7
复联之后，不复存在,15699724200,1,2,10
片尾部分很好看,15699700200,0,2,10
好看的不得了,15699692400,0,1,9
跟朋友去看的 值得推荐,15699674400,2,2,10
还不错，看完了,15699664800,2,2,10
满分电影，超级推荐,15699601800,0,2,10
比上一部好看点。,15699543600,0,3,8
特效，剧情都是顶级，配上IMAX很棒,15699529800,0,2,10
最后场面确实挺宏达的,15699518400,1,2,8
漫威6666！,15699505200,2,4,10
大片，一直都是最爱,15699504000,2,3,10
爱了爱了，不错,15699492000,1,2,8
前期铺垫略长，后期战队很精彩，特别是队长盾牌被打碎，所有人感觉绝望时山姆和奇异博士登场时真的热血沸腾！,15699477000,0,3,9
不错，剧情还不错,15699470400,0,4,9
无感无感，凑合,15699469200,2,2,6
挺好的！！！,15699460800,1,2,10
漫威十年，终局之战。给力，看的首映，非常棒，时间长质量好,15699455400,0,3,10
一般般没有前几部好看。,15699442800,0,3,7
还不错，灭霸上场后退场再上场，最终还是大战一场取得胜利,15699439800,1,1,8
感觉前面部分很无聊,15699437400,1,3,8
完结了，漫威是一种吸引,15699425400,2,2,10
好看的很呢！！,15699424800,1,2,8
不错不错，用来说还挺好。套路太多,15699423600,0,3,8
不错的最后一幕,15699422400,0,2,10
挺好看的，还不错,15699420000,0,1,8
一般般一般般,15699419400,0,2,1
终局篇必看～,15699418200,2,2,9
非常好看，下次再来,15699413400,0,1,8
复联系列不用解释，好看,15699408000,0,2,9
还可以，前面几部没有看的话这个有点看不懂,15699405000,2,2,10
写了一篇3000字的心得 就没必要再用影评记录心情了 整体打分9分 加情怀1分 满分值得,15699404400,1,5,10
真心的！有些会撤,15699404400,1,2,5
二刷还是眼泪决堤,15699403800,0,3,10
就是情怀罢了～,15699403200,2,2,5
看了n遍。。。,15699399000,1,3,10
点赞点赞点赞,15699390600,2,2,10
啥都不想说了，就是暴哭😭,15699385200,0,2,10
并没有让我们失望,15699385200,0,2,10
这么久，终于画上了句号，老爷子也走了，不知道以后还会不会这么精彩了,15699385200,0,2,10
很好看很好看,15699381600,1,3,10
很好看  很满意,15699379800,0,2,10
很棒的电影了,15699376800,1,2,10
good，great！,15699370200,0,2,10
好看很那你要粉末,15699368400,2,2,10
好看好看好看,15699366600,1,1,10
好看，感觉不错,15699357600,2,2,10
非常不错的影片,15699355800,0,2,10
不错，挺好的,15699354000,2,3,10
一般般吧！没有想像中的那么好看,15699354000,2,2,10
不说别的了这部电影不去电影院看绝对是损失，在手机上看绝对是亏的,15699351600,1,2,10
我爱妮妮三千遍！！,15699346800,0,3,10
挺好的，，，,15699342600,0,2,10
特别棒，很喜欢所有漫威英雄，最喜欢的就是绯红女巫和蜘蛛侠！！,15699335400,0,2,10
很不错的一部电影,15699328800,0,1,10
挺好看的。。,15699322800,1,2,10
很好看，就是结局让人伤心💔,15699322200,0,2,8
好看，就是时间太久了，怀孕看起脚发麻😂😂,15699316800,0,2,10
打卡打卡打卡,15699316800,1,1,10
我超爱他们！！！,15699313200,0,1,10
为什么钢铁侠s了？,15699310800,1,3,10
好看，画面美,15699304800,0,2,10
致敬Iron Man Captain America ,15699290400,1,3,10
还凑合吧，恩，还可以,15699286200,2,2,9
特效还可以的,15699281400,0,1,10
好看😊好看好看,15699281400,2,2,10
影片沒前几部好看,15699279000,1,2,7
一般般般般般,15699273600,1,3,5
真的挺好看的,15699260400,2,2,9
陪人来看，我就看了最后大战那一刻,15699258000,0,2,8
一直都觉得好看,15699243600,0,2,10
作为一个漫威迷，第一阶段收官之作必须要看！！！Oh Iron Man！！！,15699241200,1,2,10
好看好看好看。,15699236400,1,2,10
妇联最棒 这也算是这一代的回忆,15699234000,1,1,10
吹爆！二刷都不够,15699229200,0,2,10
挺好的，不过现在电影院应该不播放了。,15699225000,0,2,10
很好的一部电影,15699225000,1,2,10
其实真的很一般,15699221400,1,2,7
满分 以后继续追,15699207600,1,3,10
可以不错很满意,15699200400,0,1,9
真的好看，这电影力推,15699198000,1,3,10
就很好就很好,15699197400,1,3,10
强大的特效有哦，终局之战,15699190800,0,2,9
漫威第一人，也成为了漫威最后一人！虽然有人说彩蛋中表示钢铁侠没死，可是也没有说没死！不知道结果，但是钢铁侠牺牲自己救了所以人！你们都是英雄……再见了！已经终局，但是还是怀念,15699182400,1,3,10
好看！精彩！,15699179400,0,3,9
还有什么好说呢，好看。,15699178200,1,4,9
还可以的就是没剧情,15699176400,1,2,10
终究圆满，力荐,15699174600,1,3,10
很好看，挺不错,15699157800,2,1,10
太太太好看了,15699156000,0,2,9
红颜一笑治你魔攻红,15699153600,1,2,10
非常好👍……,15699153000,1,4,10
始于钢铁侠   终于钢铁侠,15699152400,2,2,10
太棒了呀！期待新作,15699145800,0,3,10
非常好看也震撼,15699142200,0,2,10
真心不错，推荐,15699125400,2,3,8
还好吧，就是屁股坐着都疼,15699121800,0,2,10
就是结局看看还可以,15699116400,0,2,7
寡姐太美了！,15699103200,2,3,10
还算挺不错的,15699099600,0,1,8
原谅我中途开小差了一会儿,15699097800,0,3,6
超级好看爱辽爱辽,15699091200,0,2,10
好看特效很棒,15699079800,1,1,10
非常好的一部电影~值得一看,15699073200,1,2,10
